salesmanager/salesmanager_al@yopmail.com
projectdirector/projectdirector_al@yopmail.com

melnikov/melnikov_al@yopmail.com
bembrogan/bembrogan_al@yopmail.com
dilan/dilan_al@yopmail.com
williams/williams_al@yopmail.com
moriarty/moriarty_al@yopmail.com
musk/musk_al@yopmail.com

AssemblyLine

